Method,Mode,SamplingSteps,Scenario,Availability,MeanInterruption_ms,P95Interruption_ms,MeanLatency_ms,P95Latency_ms,MeanJitter_ms,P95Jitter_ms,HO_Failure_Ratio,PingPong_Ratio,EffectiveQoE,DeadlineMissRatio,DecisionCompletionRate,HO_Attempt_Count,HO_Failure_Count,seed
Sustainable_DAG_NetworkX,sustainable_dag,0,normal,0.32494155727387164,33.98129832763891,50.0,27.309661708860872,30.073473167419433,51.61928715533018,70.0,0.0,0.0,0.6151094586786447,0.0,1.0,32,0,2
Predicted_DAG_NetworkX,sustainable_dag,0,normal,0.2945513396871067,35.52418629742852,50.0,27.286145309181567,30.077382659912107,53.382389966129104,70.0,0.0,0.1,0.6009967531467104,0.0,1.0,36,0,2
Reactive_MyopicGreedy,reactive,0,normal,0.902355691422406,5.5098003956123,50.0,27.207568082588867,30.30968437194824,18.941333872296905,70.0,0.0,0.0,0.8843734707934242,0.0,1.0,95,0,2
Lookahead_Greedy,reactive,0,normal,0.8244919978421147,9.383204459629564,50.0,27.513397551774684,30.452902603149415,23.406742092697122,70.0,0.0,0.0,0.8473194131666658,0.0,1.0,92,0,2
ShootingSearch_DeltaNode,reactive,0,normal,0.3637834921776659,32.0194209674519,50.0,24.19054713285476,30.02578983306885,49.261598217043066,70.0,0.0,0.0,0.6410340507701385,0.0,1.0,35,0,2
Learned_TC_Offline,consistency,2,normal,0.30947671282143496,34.73475993526344,50.0,27.112846208231364,30.32509422302246,52.47907225902475,70.0,0.0,0.0,0.6084003304199241,0.0,1.0,30,0,2
Learned_TC_RTCorrected,consistency,2,normal,0.902355691422406,5.53137924833663,50.0,27.507753179802354,30.358215141296387,18.99000009811631,70.0,0.0,0.0,0.8836124712886089,0.0,1.0,98,0,2
