Method,Mode,SamplingSteps,Scenario,Availability_mean,Availability_std,MeanInterruption_ms_mean,MeanInterruption_ms_std,P95Interruption_ms_mean,P95Interruption_ms_std,MeanLatency_ms_mean,MeanLatency_ms_std,P95Latency_ms_mean,P95Latency_ms_std,MeanJitter_ms_mean,MeanJitter_ms_std,P95Jitter_ms_mean,P95Jitter_ms_std,HO_Failure_Ratio_mean,HO_Failure_Ratio_std,PingPong_Ratio_mean,PingPong_Ratio_std,EffectiveQoE_mean,EffectiveQoE_std,DeadlineMissRatio_mean,DeadlineMissRatio_std,DecisionCompletionRate_mean,DecisionCompletionRate_std,HO_Attempt_Count_mean,HO_Attempt_Count_std,HO_Failure_Count_mean,HO_Failure_Count_std,n_runs
Learned_TC_Offline,consistency,2,normal,0.3247617335011689,,33.98129832763891,,50.0,,27.197725043814795,,30.311569213867188,,51.61695902587897,,70.0,,0.0,,0.0,,0.6153087288629614,,0.0,,1.0,,31.0,,0.0,,1
Learned_TC_RTCorrected,consistency,2,normal,0.902355691422406,,5.51699334652041,,50.0,,27.725024841823913,,30.374201774597168,,18.995219828381092,,70.0,,0.0,,0.0,,0.8830706670592876,,0.0,,1.0,,96.0,,0.0,,1
Lookahead_Greedy,reactive,0,normal,0.9018162201042978,,5.565545765150153,,50.0,,27.691381088311996,,30.416175651550294,,19.04463722636009,,70.0,,0.0,,0.0,,0.8828973188774275,,0.0,,1.0,,99.0,,0.0,,1
Predicted_DAG_NetworkX,sustainable_dag,0,normal,0.3247617335011689,,34.01726308217946,,50.0,,27.342572675073537,,30.074816703796387,,51.657627877201634,,70.0,,0.0,,0.058823529411764705,,0.614935114743935,,0.0,,1.0,,36.0,,0.0,,1
Reactive_MyopicGreedy,reactive,0,normal,0.902355691422406,,5.5098003956123,,50.0,,27.207568082588867,,30.30968437194824,,18.941333872296905,,70.0,,0.0,,0.0,,0.8843734707934242,,0.0,,1.0,,95.0,,0.0,,1
ShootingSearch_DeltaNode,reactive,0,normal,0.37906851285739973,,31.26595935982737,,50.0,,24.341203876182952,,30.025252437591554,,48.39797262670372,,70.0,,0.0,,0.0,,0.6477782312973928,,0.0,,1.0,,37.0,,0.0,,1
Sustainable_DAG_NetworkX,sustainable_dag,0,normal,0.32494155727387164,,33.98129832763891,,50.0,,27.309661708860872,,30.073473167419433,,51.61928715533018,,70.0,,0.0,,0.0,,0.6151094586786447,,0.0,,1.0,,32.0,,0.0,,1
