Method,Mode,SamplingSteps,Scenario,Availability,MeanInterruption_ms,P95Interruption_ms,MeanLatency_ms,P95Latency_ms,MeanJitter_ms,P95Jitter_ms,HO_Failure_Ratio,PingPong_Ratio,EffectiveQoE,DeadlineMissRatio,DecisionCompletionRate,HO_Attempt_Count,HO_Failure_Count,seed
Sustainable_DAG_NetworkX,sustainable_dag,0,paper_stress,0.05160942276568958,47.51123898579392,50.0,28.26562209577926,30.228417587280273,67.14102200218466,70.0,0.0,0.0,0.4853623458569154,0.0,1.0,13,0,20
Predicted_DAG_NetworkX,sustainable_dag,0,paper_stress,0.03146916022298152,48.54162920338069,50.0,28.06060274396624,29.8380256652832,68.31524196152121,70.0,0.0,0.07692307692307693,0.4764810845656908,0.0,1.0,17,0,20
Reactive_MyopicGreedy,reactive,0,paper_stress,0.8417550800215788,9.87052688365402,50.0,27.27126486705708,30.381534576416016,23.74854865748416,70.0,0.0,0.03164556962025317,0.855568762510897,0.0,1.0,308,0,20
Lookahead_Greedy,reactive,0,paper_stress,0.6640891925912606,18.108253911167058,50.0,27.291956675989454,30.434206390380858,33.2797913325738,70.0,0.0,0.014705882352941176,0.7729020381895325,0.0,1.0,220,0,20
ShootingSearch_DeltaNode,reactive,0,paper_stress,0.2965294011868369,35.58352814242043,50.0,23.605369267577714,29.80869140625,53.31820273192296,70.0,0.0,0.0,0.6110895477339808,0.0,1.0,74,0,20
Learned_TC_Offline,consistency,2,paper_stress,0.7344002877180363,15.01168854522568,50.0,27.467170555728895,30.386993312835692,29.684875463938084,70.0,0.0,0.0970873786407767,0.8051077184824196,0.0,1.0,285,0,20
Learned_TC_RTCorrected,consistency,2,paper_stress,0.8417550800215788,9.539651141880956,50.0,27.67807463685299,30.45240592956543,23.45191633474391,70.0,0.0,0.02608695652173913,0.8546458642960842,0.0,1.0,262,0,20
