Method,Mode,SamplingSteps,Scenario,Availability,MeanInterruption_ms,P95Interruption_ms,MeanLatency_ms,P95Latency_ms,MeanJitter_ms,P95Jitter_ms,HO_Failure_Ratio,PingPong_Ratio,EffectiveQoE,DeadlineMissRatio,DecisionCompletionRate,HO_Attempt_Count,HO_Failure_Count,seed
Sustainable_DAG_NetworkX,sustainable_dag,0,paper_stress,0.04765329976622912,47.78816759575616,50.0,28.06048104628077,30.024822235107422,67.44535204958217,70.0,0.0,0.21739130434782608,0.4840077543323005,0.0,1.0,24,0,5
Predicted_DAG_NetworkX,sustainable_dag,0,paper_stress,0.04549541449379613,47.856500629383206,50.0,28.033200290363297,30.119120407104493,67.52908469112501,70.0,0.0,0.1,0.4830820979982238,0.0,1.0,21,0,5
Reactive_MyopicGreedy,reactive,0,paper_stress,0.8478690882934724,9.539651141880956,50.0,27.337830652806637,30.368105697631837,23.378850414097883,70.0,0.0,0.03125,0.8582587378666492,0.0,1.0,302,0,5
Lookahead_Greedy,reactive,0,paper_stress,0.6734400287718036,17.552598453515554,50.0,27.4471822734551,30.409549713134766,32.66660128779157,70.0,0.0,0.04054054054054054,0.7768971773024778,0.0,1.0,202,0,5
ShootingSearch_DeltaNode,reactive,0,paper_stress,0.2765689624168315,36.61571659773422,50.0,23.4741047725855,29.92117624282837,54.49924785362769,70.0,0.0,0.0,0.6021035264884061,0.0,1.0,80,0,5
Learned_TC_Offline,consistency,2,paper_stress,0.005394713181082533,49.74105376730804,50.0,8.136877755435869,8.193585736755972,69.69149624766523,70.0,0.0,0.0,0.5141705440406514,0.0,1.0,2,0,5
Learned_TC_RTCorrected,consistency,2,paper_stress,0.8478690882934724,9.151231792843014,50.0,27.738281895211692,30.44881229400635,23.024384088040335,70.0,0.0,0.009433962264150943,0.8573690426119008,0.0,1.0,248,0,5
