epoch,steps,avg_total_loss,avg_tf_loss,avg_rl_loss,avg_cs_loss,avg_reward,avg_pred_reward,elapsed_sec,val_score,val_rt_acceptance_rate,val_rt_fallback_rate,val_rt_guardrail_block_rate,val_rt_model_proposed,val_rt_model_applied,val_rt_fallback_used,val_rt_guardrail_block
1,1103,6.693301091060137,0.1081471254279069,6.578506509066709,0.006647454414202582,-0.15611059261388632,-1.4150537168529072,181.5997622013092,0.30090887248188847,0.0,5.0,0.0,2.0,0.0,10.0,0.0
2,1103,6.327823490525848,0.10650707395389615,6.211486548374483,0.009829871203254513,-0.15611059261388632,-1.226889799258329,378.29511284828186,0.30090887248188847,0.0,3.3333333333333335,0.0,3.0,0.0,10.0,0.0
3,1103,6.272284909042573,0.10151256951870749,6.1621214265944415,0.008650909951504259,-0.15611059261388632,-1.2307961410483625,558.2041718959808,0.30090887248188847,0.0,0.8333333333333334,0.16666666666666666,12.0,0.0,10.0,2.0
