epoch,steps,avg_total_loss,avg_tf_loss,avg_rl_loss,avg_cs_loss,avg_reward,avg_pred_reward,elapsed_sec,val_score,val_rt_acceptance_rate,val_rt_fallback_rate,val_rt_guardrail_block_rate,val_rt_model_proposed,val_rt_model_applied,val_rt_fallback_used,val_rt_guardrail_block
1,554,2.6732533935605405,0.1849783233565275,2.479961372454674,0.008313701308799038,3.1993188779588793,-1.1307578960730766,34.33392333984375,1.1673347570247334,0.5308641975308642,0.6049382716049383,0.19753086419753085,81.0,43.0,49.0,16.0
2,554,2.6095005773034767,0.18186223190883005,2.4233533944463903,0.004284946451534262,3.1993188779588793,-1.082383946573049,73.88857698440552,1.1673917545803565,0.38461538461538464,0.5,0.2403846153846154,104.0,40.0,52.0,25.0
3,554,2.588641598551712,0.1715623955360012,2.4144897841804727,0.0025894180796846807,3.1993188779588793,-1.1258697455357582,113.27329707145691,1.1673783077032556,0.42528735632183906,0.6666666666666666,0.26436781609195403,87.0,37.0,58.0,23.0
4,554,2.5844683380333526,0.1698015910885986,2.4124225905225596,0.002244158573590039,3.1993188779588793,-1.0462908499776717,149.45481872558594,1.1672973194502745,0.28378378378378377,0.33783783783783783,0.1554054054054054,148.0,42.0,50.0,23.0
5,554,2.563523651460448,0.16688659232419106,2.395957770330381,0.0006792930435867396,3.1993188779588793,-1.0684747105933734,185.84778714179993,1.1673731880550904,0.3220338983050847,0.4406779661016949,0.22033898305084745,118.0,38.0,52.0,26.0
6,554,2.57480333212911,0.17431983386337865,2.3995415632905512,0.0009419359830296367,3.1993188779588793,-0.9468054819273876,225.98066592216492,1.16737659958809,0.2887323943661972,0.34507042253521125,0.22535211267605634,142.0,41.0,49.0,32.0
7,554,2.5621132364341928,0.16795541024312968,2.3935131663019478,0.0006446510427647521,3.1993188779588793,-0.9644949749402686,263.054301738739,1.1673258226143297,0.36752136752136755,0.42735042735042733,0.1282051282051282,117.0,43.0,50.0,15.0
8,554,2.558020540523185,0.16673373842497594,2.390649742598138,0.0006370604179827721,3.1993188779588793,-0.9407869787896216,299.87380051612854,1.1673730612603124,0.29931972789115646,0.3333333333333333,0.12244897959183673,147.0,44.0,49.0,18.0
