epoch,steps,avg_total_loss,avg_tf_loss,avg_rl_loss,avg_cs_loss,avg_reward,avg_pred_reward,elapsed_sec,val_score,val_rt_acceptance_rate,val_rt_fallback_rate,val_rt_guardrail_block_rate,val_rt_model_proposed,val_rt_model_applied,val_rt_fallback_used,val_rt_guardrail_block
1,1103,6.578410020873207,0.10921832502763557,6.4614449910218354,0.007746713228093517,-0.15611059261388632,-1.4101269393405544,189.06545543670654,0.30090887248188847,0.0,10.0,0.0,0.0,0.0,10.0,0.0
2,1103,6.3849128720334525,0.09350173115877147,6.291411140347651,3.6074699186369547e-16,-0.15611059261388632,-1.2855760429426817,388.5756711959839,0.30090887248188847,0.0,10.0,0.0,0.0,0.0,10.0,0.0
3,1103,6.384162686136994,0.09275154134213033,6.29141114077996,4.380499186916302e-16,-0.15611059261388632,-1.2855760429426817,591.703275680542,0.30090887248188847,0.0,10.0,0.0,0.0,0.0,10.0,0.0
