epoch,steps,avg_total_loss,avg_tf_loss,avg_rl_loss,avg_cs_loss,avg_reward,avg_pred_reward,elapsed_sec,val_score
1,1103,4.964943916713338,0.16766863580749236,4.791202996713079,0.006072285927409287,5.429431533026176,-1.456303592889934,306.10218477249146,1.0898673550670108
2,1103,4.957631086719544,0.15766030160333633,4.797067116523805,0.0029036768631758194,5.429431533026176,-1.412354492134407,603.3493263721466,1.0898673550670108
3,1103,4.976259672522869,0.1565068963693889,4.817822716826217,0.0019300602027705436,5.429431533026176,-1.4480440301302613,937.2368376255035,1.0898673550670108
