epoch,steps,avg_total_loss,avg_tf_loss,avg_rl_loss,avg_cs_loss,avg_reward,avg_pred_reward,elapsed_sec,val_score
1,1103,2.8324777459622728,0.1519455466797729,2.670193081105285,0.010339118292330649,5.429431533026176,-1.454140222202297,152.562579870224,1.0898673550670108
2,1103,2.8342453438049,0.15773677855902304,2.6714548188129124,0.005053749795732169,5.429431533026176,-1.43855330702614,314.65776324272156,1.0898673550670108
3,1103,2.861878328180702,0.15939440016051312,2.6996209017277195,0.00286302776381023,5.429431533026176,-1.4838896180674213,522.7595665454865,1.0898673550670108
