epoch,steps,avg_total_loss,avg_tf_loss,avg_rl_loss,avg_cs_loss,avg_reward,avg_pred_reward,elapsed_sec,val_score,val_avail,val_qoe,val_latency,val_interrupt,val_jitter,val_ho,val_pp,val_hof,val_rt_acceptance_rate,val_rt_fallback_rate,val_rt_guardrail_block_rate,val_rt_model_proposed,val_rt_model_applied,val_rt_fallback_used,val_rt_guardrail_block,val_rt_make_before_break
1,554,4.90787758853031,0.16702772146645625,4.641926554351077,0.0019742095231028703,1.5092041991264749,-1.1448555956678779,17.74091935157776,0.7024558424781394,0.8406761373853624,0.8541753307589621,27.681304382634764,9.458730444164718,23.379070274929287,240.0,0.020202020202020204,0.0,0.4860335195530726,0.8491620111731844,0.0893854748603352,179.0,87.0,152.0,16.0,28.0
2,554,3.974328260774647,0.1704075797763569,3.7295820070195282,0.000333732453912011,1.5092041991264749,-0.6452479788650254,46.41083383560181,0.7004020435999463,0.8406761373853624,0.854031533373467,27.745405241330815,9.401186836899837,23.326915473893575,232.0,0.03333333333333333,0.0,0.13992537313432835,0.27611940298507465,0.125,536.0,75.0,148.0,67.0,187.0
