epoch,steps,avg_total_loss,avg_tf_loss,avg_rl_loss,avg_cs_loss,avg_reward,avg_pred_reward,elapsed_sec,val_score
1,1103,2.8468167606744568,0.1557021836563607,2.683860568382042,0.007254006197988077,5.429431533026176,-1.4352391688658326,196.92285633087158,1.0898673550670108
2,1103,2.8573845602227466,0.16370931299654928,2.689826777061331,0.0038484716646182636,5.429431533026176,-1.4135163426031503,365.4814956188202,1.0898673550670108
3,1103,2.858747552874298,0.1513034900893556,2.704634551016288,0.0028095099007100603,5.429431533026176,-1.4824133684536525,534.0575292110443,1.0898673550670108
