epoch,steps,avg_total_loss,avg_tf_loss,avg_rl_loss,avg_cs_loss,avg_reward,avg_pred_reward,elapsed_sec,val_score,val_rt_acceptance_rate,val_rt_fallback_rate,val_rt_guardrail_block_rate,val_rt_model_proposed,val_rt_model_applied,val_rt_fallback_used,val_rt_guardrail_block
1,552,3.8008676616178043,0.19446480206882014,3.595460350098817,0.010942508391653505,6.741735790841948,-1.5693977445893768,83.09008741378784,1.1672896673103366,0.40476190476190477,1.7857142857142858,0.11904761904761904,42.0,17.0,75.0,5.0
2,552,3.7365964227828425,0.1780268425202888,3.5502430135789127,0.008326562481211011,6.741735790841948,-1.522809751305657,167.25051856040955,1.167350642905077,0.625,2.21875,0.1875,32.0,20.0,71.0,6.0
3,552,3.7033786190592726,0.17605301837666312,3.523284448661666,0.004041144388307317,6.741735790841948,-1.4571829679802542,254.38956427574158,1.1672008380681584,0.4838709677419355,2.193548387096774,0.22580645161290322,31.0,15.0,68.0,7.0
