epoch,steps,avg_total_loss,avg_tf_loss,avg_rl_loss,avg_cs_loss,avg_reward,avg_pred_reward,elapsed_sec,val_score,val_latency,val_jitter,val_ho,val_rt_acceptance_rate,val_rt_fallback_rate,val_rt_guardrail_block_rate,val_rt_model_proposed,val_rt_model_applied,val_rt_fallback_used,val_rt_guardrail_block
1,1662,3.4496691265898822,0.17136399066058872,3.1895687144858234,0.0008867063443871338,1.536126647051325,-0.4587970351095274,53.53727626800537,1.010138653513365,28.004211134934135,23.60608071871922,271.5,0.05123186644383099,0.01640511294924773,0.0919536962044978,3987.0,203.5,65.0,366.0
2,1662,-0.28745860599651574,0.16456315434110833,-0.4914549493110962,8.063970712742587e-07,1.536126647051325,1.0886660948464633,136.49739456176758,1.007935871966063,27.92803266692237,23.570908448342095,267.5,0.05605016402527867,0.005067090256230674,0.04460317660624626,4364.5,244.0,22.0,193.0
3,1662,-0.7875464453292443,0.15915300374207333,-0.9796470926747299,3.319073259918303e-08,1.536126647051325,1.2762982894387926,212.63521027565002,1.0118591652351785,27.88791494045995,23.517185026363038,260.5,0.057661584053614795,0.0012448934993727224,0.022827702194907054,4409.0,253.5,5.5,100.5
4,1662,-0.9147649776295868,0.15752310589489343,-1.1028505643632456,1.579991978329581e-08,1.536126647051325,1.3052134889921332,286.59075689315796,1.0101568717866911,27.88115451297842,23.556178113585652,266.0,0.05856196018659646,0.0022946662131919163,0.00784091433945944,4372.0,254.5,10.0,34.0
5,1662,-0.974636882041479,0.15627821557062413,-1.1603393987096873,2.787970939721047e-08,1.536126647051325,1.3293736999413277,364.8202521800995,1.0103340009183706,27.87506331907873,23.570052442338163,268.0,0.0583997748317399,0.0038827257292351675,0.010639232715806786,4311.0,250.0,16.5,45.5
