epoch,steps,avg_total_loss,avg_tf_loss,avg_rl_loss,avg_cs_loss,avg_reward,elapsed_sec
1,1103,0.24871948525370355,0.1604540144859164,0.0833391195117727,0.004926351683887524,4.381921280530076,16.13481903076172
