Method,Mode,SamplingSteps,Scenario,Availability,MeanInterruption_ms,P95Interruption_ms,MeanLatency_ms,P95Latency_ms,MeanJitter_ms,P95Jitter_ms,HO_Failure_Ratio,PingPong_Ratio,EffectiveQoE,DeadlineMissRatio,DecisionCompletionRate,HO_Attempt_Count,HO_Failure_Count,seed
Sustainable_DAG_NetworkX,sustainable_dag,0,normal,0.10771443984894802,44.66283042618234,50.0,28.040073531696912,30.19068126678467,63.88771810907186,70.0,0.0,0.0,0.5120887318224963,0.0,1.0,7,0,2
Predicted_DAG_NetworkX,sustainable_dag,0,normal,0.10771443984894802,44.66283042618234,50.0,28.040073531696912,30.19068126678467,63.88771810907186,70.0,0.0,0.0,0.5120887318224963,0.0,1.0,7,0,2
Reactive_MyopicGreedy,reactive,0,normal,0.7761194029850746,11.647185757957201,50.0,27.066324157825186,30.37151288986206,25.986661662743632,70.0,0.0,0.0,0.8259428438356156,0.0,1.0,73,0,2
Lookahead_Greedy,reactive,0,normal,0.7703650422585866,11.958280884732961,50.0,27.505505103248336,30.461912631988525,26.373558422267863,70.0,0.0,0.0,0.822150730362193,0.0,1.0,76,0,2
ShootingSearch_DeltaNode,reactive,0,normal,0.2965294011868369,35.31738895882036,50.0,23.445635827932172,30.071665573120118,53.04732698220212,70.0,0.0,0.0,0.6115694335730928,0.0,1.0,26,0,2
Learned_TC_Offline,consistency,2,normal,0.005934184499190809,49.70868548822154,50.0,8.137182348780264,8.192987371522747,69.65417239736576,70.0,0.0,0.0,0.5144229984698471,0.0,1.0,1,0,2
Learned_TC_RTCorrected,consistency,2,normal,0.7761194029850746,11.647185757957201,50.0,27.5062574326428,30.431333541870117,26.020805737804103,70.0,0.0,0.0,0.8248378890373123,0.0,1.0,73,0,2
