Method,Mode,SamplingSteps,Scenario,Availability_mean,Availability_std,MeanInterruption_ms_mean,MeanInterruption_ms_std,P95Interruption_ms_mean,P95Interruption_ms_std,MeanLatency_ms_mean,MeanLatency_ms_std,P95Latency_ms_mean,P95Latency_ms_std,MeanJitter_ms_mean,MeanJitter_ms_std,P95Jitter_ms_mean,P95Jitter_ms_std,HO_Failure_Ratio_mean,HO_Failure_Ratio_std,PingPong_Ratio_mean,PingPong_Ratio_std,EffectiveQoE_mean,EffectiveQoE_std,DeadlineMissRatio_mean,DeadlineMissRatio_std,DecisionCompletionRate_mean,DecisionCompletionRate_std,HO_Attempt_Count_mean,HO_Attempt_Count_std,HO_Failure_Count_mean,HO_Failure_Count_std,n_runs
Learned_TC_Offline,consistency,2,normal,0.005934184499190809,,49.70868548822154,,50.0,,8.137182348780264,,8.192987371522747,,69.65417239736576,,70.0,,0.0,,0.0,,0.5144229984698471,,0.0,,1.0,,1.0,,0.0,,1
Learned_TC_RTCorrected,consistency,2,normal,0.7761194029850746,,11.647185757957201,,50.0,,27.5062574326428,,30.431333541870117,,26.020805737804103,,70.0,,0.0,,0.0,,0.8248378890373123,,0.0,,1.0,,73.0,,0.0,,1
Lookahead_Greedy,reactive,0,normal,0.7703650422585866,,11.958280884732961,,50.0,,27.505505103248336,,30.461912631988525,,26.373558422267863,,70.0,,0.0,,0.0,,0.822150730362193,,0.0,,1.0,,76.0,,0.0,,1
Predicted_DAG_NetworkX,sustainable_dag,0,normal,0.10771443984894802,,44.66283042618234,,50.0,,28.040073531696912,,30.19068126678467,,63.88771810907186,,70.0,,0.0,,0.0,,0.5120887318224963,,0.0,,1.0,,7.0,,0.0,,1
Reactive_MyopicGreedy,reactive,0,normal,0.7761194029850746,,11.647185757957201,,50.0,,27.066324157825186,,30.37151288986206,,25.986661662743632,,70.0,,0.0,,0.0,,0.8259428438356156,,0.0,,1.0,,73.0,,0.0,,1
ShootingSearch_DeltaNode,reactive,0,normal,0.2965294011868369,,35.31738895882036,,50.0,,23.445635827932172,,30.071665573120118,,53.04732698220212,,70.0,,0.0,,0.0,,0.6115694335730928,,0.0,,1.0,,26.0,,0.0,,1
Sustainable_DAG_NetworkX,sustainable_dag,0,normal,0.10771443984894802,,44.66283042618234,,50.0,,28.040073531696912,,30.19068126678467,,63.88771810907186,,70.0,,0.0,,0.0,,0.5120887318224963,,0.0,,1.0,,7.0,,0.0,,1
