Method,Mode,SamplingSteps,Scenario,Availability_mean,Availability_std,MeanInterruption_ms_mean,MeanInterruption_ms_std,P95Interruption_ms_mean,P95Interruption_ms_std,MeanLatency_ms_mean,MeanLatency_ms_std,P95Latency_ms_mean,P95Latency_ms_std,MeanJitter_ms_mean,MeanJitter_ms_std,P95Jitter_ms_mean,P95Jitter_ms_std,HO_Failure_Ratio_mean,HO_Failure_Ratio_std,PingPong_Ratio_mean,PingPong_Ratio_std,EffectiveQoE_mean,EffectiveQoE_std,DeadlineMissRatio_mean,DeadlineMissRatio_std,DecisionCompletionRate_mean,DecisionCompletionRate_std,HO_Attempt_Count_mean,HO_Attempt_Count_std,HO_Failure_Count_mean,HO_Failure_Count_std,n_runs
Learned_TC_Offline,consistency,2,normal,0.005934184499190809,,49.70868548822154,,50.0,,8.137182348780264,,8.192987371522747,,69.65417239736576,,70.0,,0.0,,0.0,,0.5144229984698471,,0.0,,1.0,,1.0,,0.0,,1
Learned_TC_RTCorrected,consistency,2,normal,0.1363064197086855,,43.24402085955764,,50.0,,18.74239161551707,,30.66673183441162,,62.1364274922597,,70.0,,0.0,,0.0,,0.5486748425773431,,0.0,,1.0,,11.0,,0.0,,1
Lookahead_Greedy,reactive,0,normal,0.13414853443625252,,43.35191512317928,,50.0,,18.878865030848527,,30.674708366394043,,62.26368698638757,,70.0,,0.0,,0.0,,0.5473273376027573,,0.0,,1.0,,11.0,,0.0,,1
Predicted_DAG_NetworkX,sustainable_dag,0,normal,0.020140262542708176,,48.998381586045674,,50.0,,10.358060914780472,,10.389987279719831,,68.8178403672443,,70.0,,0.0,,0.0,,0.515495532564274,,0.0,,1.0,,1.0,,0.0,,1
Reactive_MyopicGreedy,reactive,0,normal,0.1363064197086855,,43.24402085955764,,50.0,,18.74239161551707,,30.66673183441162,,62.1364274922597,,70.0,,0.0,,0.0,,0.5486748425773431,,0.0,,1.0,,11.0,,0.0,,1
ShootingSearch_DeltaNode,reactive,0,normal,0.09494695198705272,,45.290415392914944,,50.0,,14.173496638115305,,29.13862543106079,,64.4755189035232,,70.0,,0.0,,0.0,,0.5408274966544198,,0.0,,1.0,,7.0,,0.0,,1
Sustainable_DAG_NetworkX,sustainable_dag,0,normal,0.021219205178924616,,48.94443445423485,,50.0,,10.359994794705973,,10.395204738904425,,68.75422548796575,,70.0,,0.0,,0.0,,0.5159938563524211,,0.0,,1.0,,1.0,,0.0,,1
