Method,Mode,SamplingSteps,Scenario,Availability_mean,Availability_std,MeanInterruption_ms_mean,MeanInterruption_ms_std,P95Interruption_ms_mean,P95Interruption_ms_std,MeanLatency_ms_mean,MeanLatency_ms_std,P95Latency_ms_mean,P95Latency_ms_std,MeanJitter_ms_mean,MeanJitter_ms_std,P95Jitter_ms_mean,P95Jitter_ms_std,HO_Failure_Ratio_mean,HO_Failure_Ratio_std,PingPong_Ratio_mean,PingPong_Ratio_std,EffectiveQoE_mean,EffectiveQoE_std,DeadlineMissRatio_mean,DeadlineMissRatio_std,DecisionCompletionRate_mean,DecisionCompletionRate_std,HO_Attempt_Count_mean,HO_Attempt_Count_std,HO_Failure_Count_mean,HO_Failure_Count_std,n_runs
Learned_TC_Offline,consistency,2,paper_stress,0.005394713181082533,,49.735659054126955,,50.0,,8.131362324364448,,8.181643805125404,,69.68609855906728,,70.0,,0.0,,0.0,,0.5141859514785969,,0.0,,1.0,,1.0,,0.0,,1
Learned_TC_RTCorrected,consistency,2,paper_stress,0.8417550800215788,,9.482107534616077,,50.0,,27.919275182594703,,30.473255157470703,,23.414675905947234,,70.0,,0.0,,0.0,,0.8540570805371391,,0.0,,1.0,,254.0,,0.0,,1
Lookahead_Greedy,reactive,0,paper_stress,0.6640891925912606,,18.108253911167058,,50.0,,27.291956675989454,,30.434206390380858,,33.2797913325738,,70.0,,0.0,,0.014705882352941176,,0.7729020381895325,,0.0,,1.0,,220.0,,0.0,,1
Predicted_DAG_NetworkX,sustainable_dag,0,paper_stress,0.03146916022298152,,48.54162920338069,,50.0,,28.06060274396624,,29.8380256652832,,68.31524196152121,,70.0,,0.0,,0.07692307692307693,,0.4764810845656908,,0.0,,1.0,,17.0,,0.0,,1
Reactive_MyopicGreedy,reactive,0,paper_stress,0.8417550800215788,,9.87052688365402,,50.0,,27.27126486705708,,30.381534576416016,,23.74854865748416,,70.0,,0.0,,0.03164556962025317,,0.855568762510897,,0.0,,1.0,,308.0,,0.0,,1
ShootingSearch_DeltaNode,reactive,0,paper_stress,0.2965294011868369,,35.58352814242043,,50.0,,23.605369267577714,,29.80869140625,,53.31820273192296,,70.0,,0.0,,0.0,,0.6110895477339808,,0.0,,1.0,,74.0,,0.0,,1
Sustainable_DAG_NetworkX,sustainable_dag,0,paper_stress,0.05160942276568958,,47.51123898579392,,50.0,,28.26562209577926,,30.228417587280273,,67.14102200218466,,70.0,,0.0,,0.0,,0.4853623458569154,,0.0,,1.0,,13.0,,0.0,,1
